INSERT INTO `accId6111` (`id`, `name`, `percentage`) VALUES
(1010, ' הכנסות ממכירות בארץ', 0),
(1020, ' הכנסות ממכירות לחו"ל', 0),
(1030, ' הכנסות ממתן שירותים בארץ', 0),
(1040, ' הכנסות ממתן שירותים בחו"ל', 0),
(1090, ' הכנסות אחרות', 0),
(3510, ' שכר עבודה ונילוות', 0),
(3515, ' ביטוחים', 0),
(3520, ' עבודות חוץ וקבלני משנה', 0),
(3530, ' עמלות ובונוסים לסוכנים', 0),
(3535, ' הוצאות ציוד מתכלה', 0),
(3540, ' שירותים מקצועיים', 0),
(3545, ' הוצאות אריזה', 0),
(3550, ' הוצאות אחזקה ותיקונים', 0),
(3555, ' הוצאות מחקר ופיתוח', 0),
(3560, ' נסיעות', 0),
(3565, ' אחזקת רכב והובלות', 0),
(3570, ' דמי שכירות וניהול נכסים', 0),
(3575, ' מיסים ואגרות', 0),
(3580, ' פחת', 0),
(3590, ' חשמל ומים', 0),
(3595, ' שמירה וניקיון', 0),
(3600, ' השתלמות וספרות מקצועית', 0),
(3610, ' חובות מסופקים ואבודים', 0),
(3620, ' פרסום וקידום מכירות', 0),
(3625, ' כיבודים מתנות תרומות קנסות', 0),
(3640, ' דמי ניהול', 0),
(3650, ' הוצאות דואר ותקשורת', 0),
(3660, ' נסיעות לחו"ל', 0),
(3665, ' הוצאות משפטיות', 0),
(3680, ' משרדיות', 0),
(3685, ' בגדי עבודה', 0),
(3690, ' שונות נטו וביטולי יתרות', 0),
(5010, ' עמלות בנק', 0),
(5090, ' עמלות כרטיסי אשראי', 0);



INSERT INTO `accounts` (`id`, `type`, `id6111`, `pay_terms`, `src_tax`, `src_date`, `parent_account_id`, `name`, `contact`, `department`, `vatnum`, `email`, `phone`, `dir_phone`, `cellular`, `fax`, `web`, `address`, `city`, `zip`, `currency_id`, `comments`, `system_acc`, `owner`, `modified`, `created`) VALUES
(1, 6, 0, 0, 0.00, '2013-08-11 12:43:52', 0, 'מע"מ תשומות', '', '', '', '', '', '', '', '', '', '', '', '', 'ILS', '', 1, 0, '0000-00-00 00:00:00', '0000-00-00 00:00:00'),
(2, 6, 0, 0, 0.00, '0000-00-00 00:00:00', 0, 'מע"מ תשומות ציוד ונכסים', '', '', '', '', '', '', '', '', '', '', '', '', 'ILS', '', 1, 0, '0000-00-00 00:00:00', '0000-00-00 00:00:00'),
(3, 6, 0, 0, 0.00, '0000-00-00 00:00:00', 0, 'מע"מ עסקאות', '', '', '', '', '', '', '', '', '', '', '', '', 'ILS', '', 1, 0, '0000-00-00 00:00:00', '0000-00-00 00:00:00'),
(4, 6, 0, 0, 0.00, '0000-00-00 00:00:00', 0, 'מע"מ חוז', '', '', '', '', '', '', '', '', '', '', '', '', 'ILS', '', 1, 0, '0000-00-00 00:00:00', '0000-00-00 00:00:00'),
(5, 6, 0, 0, 0.00, '0000-00-00 00:00:00', 0, 'ניכוי במקור מספקים', '', '', '', '', '', '', '', '', '', '', '', '', 'ILS', '', 1, 0, '0000-00-00 00:00:00', '0000-00-00 00:00:00'),
(6, 4, 0, 0, 0.00, '0000-00-00 00:00:00', 0, 'עיגול סכומים', '', '', '', '', '', '', '', '', '', '', '', '', 'ILS', '', 1, 0, '0000-00-00 00:00:00', '0000-00-00 00:00:00'),
(7, 4, 0, 0, 0.00, '0000-00-00 00:00:00', 0, 'קופת שיקים', '', '', '', '', '', '', '', '', '', '', '', '', 'ILS', '', 1, 0, '0000-00-00 00:00:00', '0000-00-00 00:00:00'),
(8, 6, 0, 0, 0.00, '0000-00-00 00:00:00', 0, 'ניכוי במקור מלקוחות', '', '', '', '', '', '', '', '', '', '', '', '', 'ILS', '', 1, 0, '0000-00-00 00:00:00', '0000-00-00 00:00:00'),
(9, 4, 0, 0, 0.00, '0000-00-00 00:00:00', 0, 'יתרות פתיחה', '', '', '', '', '', '', '', '', '', '', '', '', 'ILS', '', 1, 0, '0000-00-00 00:00:00', '0000-00-00 00:00:00'),
(10, 4, 0, 0, 0.00, '0000-00-00 00:00:00', 0, 'קופת מזומן', '', '', '', '', '', '', '', '', '', '', '', '', 'ILS', '', 1, 0, '0000-00-00 00:00:00', '0000-00-00 00:00:00'),
(11, 4, 0, 0, 0.00, '0000-00-00 00:00:00', 0, 'קופת אשראי', '', '', '', '', '', '', '', '', '', '', '', '', 'ILS', '', 1, 0, '0000-00-00 00:00:00', '0000-00-00 00:00:00'),
(13, 6, 0, 0, 0.00, '0000-00-00 00:00:00', 0, 'מס הכנסה מקדמות', '', '', '', '', '', '', '', '', '', '', '', '', 'ILS', '', 1, 0, '0000-00-00 00:00:00', '0000-00-00 00:00:00'),
(14, 6, 0, 0, 0.00, '0000-00-00 00:00:00', 0, 'ביטוח לאומי חו"ז', '', '', '', '', '', '', '', '', '', '', '', '', 'ILS', '', 1, 0, '0000-00-00 00:00:00', '0000-00-00 00:00:00'),
(15, 6, 0, 0, 0.00, '0000-00-00 00:00:00', 0, 'ביטוח לאומי', '', '', '', '', '', '', '', '', '', '', '', '', 'ILS', '', 1, 0, '0000-00-00 00:00:00', '0000-00-00 00:00:00'),
(16, 6, 0, 0, 0.00, '0000-00-00 00:00:00', 0, 'מס הכנסה', '', '', '', '', '', '', '', '', '', '', '', '', 'ILS', '', 1, 0, '0000-00-00 00:00:00', '0000-00-00 00:00:00'),
(17, 2, 0, 0, 0.00, '0000-00-00 00:00:00', 0, 'שווי שימוש', '', '', '', '', '', '', '', '', '', '', '', '', 'ILS', '', 1, 0, '0000-00-00 00:00:00', '0000-00-00 00:00:00'),
(18, 2, 3510, 0, 0.00, '0000-00-00 00:00:00', 0, 'שכר עבודה', '', '', '', '', '', '', '', '', '', '', '', '', 'ILS', '', 1, 0, '0000-00-00 00:00:00', '0000-00-00 00:00:00'),
(30, 2, 3575, 0, 0.00, '0000-00-00 00:00:00', 0, 'אגרות', '', '', '', '', '', '', '', '', '', '', '', '', 'ILS', '', 1, 0, '0000-00-00 00:00:00', '0000-00-00 00:00:00'),
(31, 2, 3550, 0, 100.00, '0000-00-00 00:00:00', 0, 'אחזקת אתר אינטרנט', '', '', '', '', '', '', '', '', '', '', '', '', 'ILS', '', 1, 0, '0000-00-00 00:00:00', '0000-00-00 00:00:00'),
(32, 2, 3550, 0, 100.00, '0000-00-00 00:00:00', 0, 'אחזקת משרד', '', '', '', '', '', '', '', '', '', '', '', '', 'ILS', '', 1, 0, '0000-00-00 00:00:00', '0000-00-00 00:00:00'),
(33, 2, 3565, 0, 100.00, '0000-00-00 00:00:00', 0, 'אחזקת רכב', '', '', '', '', '', '', '', '', '', '', '', '', 'ILS', '', 1, 0, '0000-00-00 00:00:00', '0000-00-00 00:00:00'),
(34, 2, 3565, 0, 66.66, '0000-00-00 00:00:00', 0, 'אחזקת רכב', '', '', '', '', '', '', '', '', '', '', '', '', 'ILS', '', 1, 0, '0000-00-00 00:00:00', '0000-00-00 00:00:00'),
(35, 2, 3545, 0, 100.00, '0000-00-00 00:00:00', 0, 'אריזות', '', '', '', '', '', '', '', '', '', '', '', '', 'ILS', '', 1, 0, '0000-00-00 00:00:00', '0000-00-00 00:00:00'),
(36, 2, 3575, 0, 0.00, '0000-00-00 00:00:00', 0, 'ארנונה', '', '', '', '', '', '', '', '', '', '', '', '', 'ILS', '', 1, 0, '0000-00-00 00:00:00', '0000-00-00 00:00:00'),
(37, 2, 3650, 0, 100.00, '0000-00-00 00:00:00', 0, 'בולים', '', '', '', '', '', '', '', '', '', '', '', '', 'ILS', '', 1, 0, '0000-00-00 00:00:00', '0000-00-00 00:00:00'),
(38, 2, 3685, 0, 100.00, '0000-00-00 00:00:00', 0, 'ביגוד מקצועי', '', '', '', '', '', '', '', '', '', '', '', '', 'ILS', '', 1, 0, '0000-00-00 00:00:00', '0000-00-00 00:00:00'),
(39, 2, 3515, 0, 0.00, '0000-00-00 00:00:00', 0, 'ביטוח אחר', '', '', '', '', '', '', '', '', '', '', '', '', 'ILS', '', 1, 0, '0000-00-00 00:00:00', '0000-00-00 00:00:00'),
(40, 2, 3515, 0, 0.00, '0000-00-00 00:00:00', 0, 'ביטוח אחריות מקצועית', '', '', '', '', '', '', '', '', '', '', '', '', 'ILS', '', 1, 0, '0000-00-00 00:00:00', '0000-00-00 00:00:00'),
(41, 2, 3515, 0, 0.00, '0000-00-00 00:00:00', 0, 'ביטוח משרד', '', '', '', '', '', '', '', '', '', '', '', '', 'ILS', '', 1, 0, '0000-00-00 00:00:00', '0000-00-00 00:00:00'),
(42, 2, 3515, 0, 0.00, '0000-00-00 00:00:00', 0, 'ביטוח צד ג', '', '', '', '', '', '', '', '', '', '', '', '', 'ILS', '', 1, 0, '0000-00-00 00:00:00', '0000-00-00 00:00:00'),
(43, 2, 3515, 0, 0.00, '0000-00-00 00:00:00', 0, 'ביטוח ציוד', '', '', '', '', '', '', '', '', '', '', '', '', 'ILS', '', 1, 0, '0000-00-00 00:00:00', '0000-00-00 00:00:00'),
(44, 2, 3650, 0, 100.00, '0000-00-00 00:00:00', 0, 'דואר', '', '', '', '', '', '', '', '', '', '', '', '', 'ILS', '', 1, 0, '0000-00-00 00:00:00', '0000-00-00 00:00:00'),
(45, 2, 3565, 0, 25.00, '0000-00-00 00:00:00', 0, 'דלק', '', '', '', '', '', '', '', '', '', '', '', '', 'ILS', '', 1, 0, '0000-00-00 00:00:00', '0000-00-00 00:00:00'),
(46, 2, 3565, 0, 100.00, '0000-00-00 00:00:00', 0, 'דלק', '', '', '', '', '', '', '', '', '', '', '', '', 'ILS', '', 1, 0, '0000-00-00 00:00:00', '0000-00-00 00:00:00'),
(47, 2, 3575, 0, 0.00, '0000-00-00 00:00:00', 0, 'דמי חבר', '', '', '', '', '', '', '', '', '', '', '', '', 'ILS', '', 1, 0, '0000-00-00 00:00:00', '0000-00-00 00:00:00'),
(48, 2, 3575, 0, 0.00, '0000-00-00 00:00:00', 0, 'דמי חבר', '', '', '', '', '', '', '', '', '', '', '', '', 'ILS', '', 1, 0, '0000-00-00 00:00:00', '0000-00-00 00:00:00'),
(49, 2, 3680, 0, 100.00, '0000-00-00 00:00:00', 0, 'הדפסות', '', '', '', '', '', '', '', '', '', '', '', '', 'ILS', '', 1, 0, '0000-00-00 00:00:00', '0000-00-00 00:00:00'),
(50, 2, 3565, 0, 100.00, '0000-00-00 00:00:00', 0, 'הובלות', '', '', '', '', '', '', '', '', '', '', '', '', 'ILS', '', 1, 0, '0000-00-00 00:00:00', '0000-00-00 00:00:00'),
(51, 2, 3540, 0, 100.00, '0000-00-00 00:00:00', 0, 'הנהלת חשבונות', '', '', '', '', '', '', '', '', '', '', '', '', 'ILS', '', 1, 0, '0000-00-00 00:00:00', '0000-00-00 00:00:00'),
(52, 2, 3600, 0, 100.00, '0000-00-00 00:00:00', 0, 'השתלמות מקצועית', '', '', '', '', '', '', '', '', '', '', '', '', 'ILS', '', 1, 0, '0000-00-00 00:00:00', '0000-00-00 00:00:00'),
(53, 2, 3565, 0, 100.00, '0000-00-00 00:00:00', 0, 'חנייה', '', '', '', '', '', '', '', '', '', '', '', '', 'ILS', '', 1, 0, '0000-00-00 00:00:00', '0000-00-00 00:00:00'),
(54, 2, 3590, 0, 100.00, '0000-00-00 00:00:00', 0, 'חשמל', '', '', '', '', '', '', '', '', '', '', '', '', 'ILS', '', 1, 0, '0000-00-00 00:00:00', '0000-00-00 00:00:00'),
(55, 2, 3650, 0, 100.00, '0000-00-00 00:00:00', 0, 'טלפון קווי', '', '', '', '', '', '', '', '', '', '', '', '', 'ILS', '', 1, 0, '0000-00-00 00:00:00', '0000-00-00 00:00:00'),
(56, 2, 3540, 0, 100.00, '0000-00-00 00:00:00', 0, 'יחסי ציבור', '', '', '', '', '', '', '', '', '', '', '', '', 'ILS', '', 1, 0, '0000-00-00 00:00:00', '0000-00-00 00:00:00'),
(57, 2, 3540, 0, 100.00, '0000-00-00 00:00:00', 0, 'יעוץ אחר', '', '', '', '', '', '', '', '', '', '', '', '', 'ILS', '', 1, 0, '0000-00-00 00:00:00', '0000-00-00 00:00:00'),
(58, 2, 3540, 0, 100.00, '0000-00-00 00:00:00', 0, 'יעוץ כלכלי', '', '', '', '', '', '', '', '', '', '', '', '', 'ILS', '', 1, 0, '0000-00-00 00:00:00', '0000-00-00 00:00:00'),
(59, 2, 3540, 0, 100.00, '0000-00-00 00:00:00', 0, 'יעוץ מס', '', '', '', '', '', '', '', '', '', '', '', '', 'ILS', '', 1, 0, '0000-00-00 00:00:00', '0000-00-00 00:00:00'),
(60, 2, 3540, 0, 100.00, '0000-00-00 00:00:00', 0, 'יעוץ מקצועי', '', '', '', '', '', '', '', '', '', '', '', '', 'ILS', '', 1, 0, '0000-00-00 00:00:00', '0000-00-00 00:00:00'),
(61, 2, 3540, 0, 100.00, '0000-00-00 00:00:00', 0, 'יעוץ משפטי', '', '', '', '', '', '', '', '', '', '', '', '', 'ILS', '', 1, 0, '0000-00-00 00:00:00', '0000-00-00 00:00:00'),
(62, 2, 3540, 0, 100.00, '0000-00-00 00:00:00', 0, 'יעוץ שיווקי', '', '', '', '', '', '', '', '', '', '', '', '', 'ILS', '', 1, 0, '0000-00-00 00:00:00', '0000-00-00 00:00:00'),
(63, 2, 3625, 0, 100.00, '0000-00-00 00:00:00', 0, 'כיבוד קל בבית העסק', '', '', '', '', '', '', '', '', '', '', '', '', 'ILS', '', 1, 0, '0000-00-00 00:00:00', '0000-00-00 00:00:00'),
(64, 2, 3625, 0, 66.66, '0000-00-00 00:00:00', 0, 'כיבוד קל בבית העסק', '', '', '', '', '', '', '', '', '', '', '', '', 'ILS', '', 1, 0, '0000-00-00 00:00:00', '0000-00-00 00:00:00'),
(65, 2, 3560, 0, 100.00, '0000-00-00 00:00:00', 0, 'כרטיס אוטובוס', '', '', '', '', '', '', '', '', '', '', '', '', 'ILS', '', 1, 0, '0000-00-00 00:00:00', '0000-00-00 00:00:00'),
(66, 2, 3560, 0, 100.00, '0000-00-00 00:00:00', 0, 'כרטיס רכבת', '', '', '', '', '', '', '', '', '', '', '', '', 'ILS', '', 1, 0, '0000-00-00 00:00:00', '0000-00-00 00:00:00'),
(67, 2, 3565, 0, 0.00, '0000-00-00 00:00:00', 0, 'ליסינג', '', '', '', '', '', '', '', '', '', '', '', '', 'ILS', '', 1, 0, '0000-00-00 00:00:00', '0000-00-00 00:00:00'),
(68, 2, 3540, 0, 100.00, '0000-00-00 00:00:00', 0, 'מחשוב', '', '', '', '', '', '', '', '', '', '', '', '', 'ILS', '', 1, 0, '0000-00-00 00:00:00', '0000-00-00 00:00:00'),
(69, 2, 3650, 0, 100.00, '0000-00-00 00:00:00', 0, 'מנוי אינטרנט', '', '', '', '', '', '', '', '', '', '', '', '', 'ILS', '', 1, 0, '0000-00-00 00:00:00', '0000-00-00 00:00:00'),
(70, 2, 3540, 0, 100.00, '0000-00-00 00:00:00', 0, 'מנוי הנהלת חשבונות', '', '', '', '', '', '', '', '', '', '', '', '', 'ILS', '', 1, 0, '0000-00-00 00:00:00', '0000-00-00 00:00:00'),
(71, 2, 3650, 0, 100.00, '0000-00-00 00:00:00', 0, 'מעטפות', '', '', '', '', '', '', '', '', '', '', '', '', 'ILS', '', 1, 0, '0000-00-00 00:00:00', '0000-00-00 00:00:00'),
(72, 2, 3690, 0, 100.00, '0000-00-00 00:00:00', 0, 'משלוחים', '', '', '', '', '', '', '', '', '', '', '', '', 'ILS', '', 1, 0, '0000-00-00 00:00:00', '0000-00-00 00:00:00'),
(73, 2, 3665, 0, 100.00, '0000-00-00 00:00:00', 0, 'משפטיות', '', '', '', '', '', '', '', '', '', '', '', '', 'ILS', '', 1, 0, '0000-00-00 00:00:00', '0000-00-00 00:00:00'),
(74, 2, 3680, 0, 100.00, '0000-00-00 00:00:00', 0, 'משרדיות', '', '', '', '', '', '', '', '', '', '', '', '', 'ILS', '', 1, 0, '0000-00-00 00:00:00', '0000-00-00 00:00:00'),
(75, 2, 3690, 0, 100.00, '0000-00-00 00:00:00', 0, 'מתנות לחג ללקוחות וספקים', '', '', '', '', '', '', '', '', '', '', '', '', 'ILS', '', 1, 0, '0000-00-00 00:00:00', '0000-00-00 00:00:00'),
(76, 2, 3595, 0, 100.00, '0000-00-00 00:00:00', 0, 'ניקיון', '', '', '', '', '', '', '', '', '', '', '', '', 'ILS', '', 1, 0, '0000-00-00 00:00:00', '0000-00-00 00:00:00'),
(77, 2, 3660, 0, 0.00, '0000-00-00 00:00:00', 0, 'נסיעות לחו"ל', '', '', '', '', '', '', '', '', '', '', '', '', 'ILS', '', 1, 0, '0000-00-00 00:00:00', '0000-00-00 00:00:00'),
(78, 2, 3650, 0, 100.00, '0000-00-00 00:00:00', 0, 'סלולר', '', '', '', '', '', '', '', '', '', '', '', '', 'ILS', '', 1, 0, '0000-00-00 00:00:00', '0000-00-00 00:00:00'),
(79, 2, 3650, 0, 66.66, '0000-00-00 00:00:00', 0, 'סלולר', '', '', '', '', '', '', '', '', '', '', '', '', 'ILS', '', 1, 0, '0000-00-00 00:00:00', '0000-00-00 00:00:00'),
(80, 2, 3600, 0, 100.00, '0000-00-00 00:00:00', 0, 'ספרות מקצועית', '', '', '', '', '', '', '', '', '', '', '', '', 'ILS', '', 1, 0, '0000-00-00 00:00:00', '0000-00-00 00:00:00'),
(81, 2, 3540, 0, 100.00, '0000-00-00 00:00:00', 0, 'עיצוב גרפי', '', '', '', '', '', '', '', '', '', '', '', '', 'ILS', '', 1, 0, '0000-00-00 00:00:00', '0000-00-00 00:00:00'),
(82, 2, 5090, 0, 100.00, '0000-00-00 00:00:00', 0, 'עמלות PAYPAL', '', '', '', '', '', '', '', '', '', '', '', '', 'ILS', '', 1, 0, '0000-00-00 00:00:00', '0000-00-00 00:00:00'),
(83, 2, 5010, 0, 0.00, '0000-00-00 00:00:00', 0, 'עמלות בנק', '', '', '', '', '', '', '', '', '', '', '', '', 'ILS', '', 1, 0, '0000-00-00 00:00:00', '0000-00-00 00:00:00'),
(84, 2, 5090, 0, 100.00, '0000-00-00 00:00:00', 0, 'עמלות כרטיסי אשראי', '', '', '', '', '', '', '', '', '', '', '', '', 'ILS', '', 1, 0, '0000-00-00 00:00:00', '0000-00-00 00:00:00'),
(85, 2, 3580, 0, 0.00, '0000-00-00 00:00:00', 0, 'פחת', '', '', '', '', '', '', '', '', '', '', '', '', 'ILS', '', 1, 0, '0000-00-00 00:00:00', '0000-00-00 00:00:00'),
(86, 2, 3620, 0, 100.00, '0000-00-00 00:00:00', 0, 'פרסום', '', '', '', '', '', '', '', '', '', '', '', '', 'ILS', '', 1, 0, '0000-00-00 00:00:00', '0000-00-00 00:00:00'),
(87, 2, 3520, 0, 100.00, '0000-00-00 00:00:00', 0, 'קבלני משנה', '', '', '', '', '', '', '', '', '', '', '', '', 'ILS', '', 1, 0, '0000-00-00 00:00:00', '0000-00-00 00:00:00'),
(88, 2, 3620, 0, 100.00, '0000-00-00 00:00:00', 0, 'קידום מכירות', '', '', '', '', '', '', '', '', '', '', '', '', 'ILS', '', 1, 0, '0000-00-00 00:00:00', '0000-00-00 00:00:00'),
(89, 2, 1340, 0, 0.00, '0000-00-00 00:00:00', 0, 'קניות בחו"ל', '', '', '', '', '', '', '', '', '', '', '', '', 'ILS', '', 1, 0, '0000-00-00 00:00:00', '0000-00-00 00:00:00'),
(90, 2, 3565, 0, 0.00, '0000-00-00 00:00:00', 0, 'רשיון רכב', '', '', '', '', '', '', '', '', '', '', '', '', 'ILS', '', 1, 0, '0000-00-00 00:00:00', '0000-00-00 00:00:00'),
(91, 2, 3690, 0, 100.00, '0000-00-00 00:00:00', 0, 'שונות', '', '', '', '', '', '', '', '', '', '', '', '', 'ILS', '', 1, 0, '0000-00-00 00:00:00', '0000-00-00 00:00:00'),
(92, 2, 3620, 0, 100.00, '0000-00-00 00:00:00', 0, 'שיווק', '', '', '', '', '', '', '', '', '', '', '', '', 'ILS', '', 1, 0, '0000-00-00 00:00:00', '0000-00-00 00:00:00'),
(93, 2, 3570, 0, 100.00, '0000-00-00 00:00:00', 0, 'שכירת משרד', '', '', '', '', '', '', '', '', '', '', '', '', 'ILS', '', 1, 0, '0000-00-00 00:00:00', '0000-00-00 00:00:00'),
(94, 2, 3570, 0, 100.00, '0000-00-00 00:00:00', 0, 'שכירת ציוד', '', '', '', '', '', '', '', '', '', '', '', '', 'ILS', '', 1, 0, '0000-00-00 00:00:00', '0000-00-00 00:00:00'),
(95, 2, 3565, 0, 0.00, '0000-00-00 00:00:00', 0, 'שכירת רכב', '', '', '', '', '', '', '', '', '', '', '', '', 'ILS', '', 1, 0, '0000-00-00 00:00:00', '0000-00-00 00:00:00'),
(96, 2, 3540, 0, 100.00, '0000-00-00 00:00:00', 0, 'שכר טרחה רואה חשבון', '', '', '', '', '', '', '', '', '', '', '', '', 'ILS', '', 1, 0, '0000-00-00 00:00:00', '0000-00-00 00:00:00'),
(97, 2, 3690, 0, 100.00, '0000-00-00 00:00:00', 0, 'שליחויות', '', '', '', '', '', '', '', '', '', '', '', '', 'ILS', '', 1, 0, '0000-00-00 00:00:00', '0000-00-00 00:00:00'),
(98, 2, 3595, 0, 100.00, '0000-00-00 00:00:00', 0, 'שמירה', '', '', '', '', '', '', '', '', '', '', '', '', 'ILS', '', 1, 0, '0000-00-00 00:00:00', '0000-00-00 00:00:00'),
(99, 2, 3550, 0, 100.00, '0000-00-00 00:00:00', 0, 'תיקונים', '', '', '', '', '', '', '', '', '', '', '', '', 'ILS', '', 1, 0, '0000-00-00 00:00:00', '0000-00-00 00:00:00'),
(100, 3, 1010, 0, 18.00, '2013-08-19 12:03:50', 0, 'מכירת מוצרים בארץ', '', '', '', '', '', '', '', '', '', '', '', '', 'ILS', '', 0, 0, '0000-00-00 00:00:00', '0000-00-00 00:00:00'),
(101, 3, 1020, 0, 16.00, '2013-08-19 12:03:57', 0, 'מכירת שרותים בארץ', '', '', '', '', '', '', '', '', '', '', '', '', 'ILS', '', 0, 0, '0000-00-00 00:00:00', '0000-00-00 00:00:00'),
(102, 3, 1030, 0, 0.00, '2013-08-19 12:04:06', 0, 'מכירת מוצרים בחו"ל', '', '', '', '', '', '', '', '', '', '', '', '', 'ILS', '', 0, 0, '0000-00-00 00:00:00', '0000-00-00 00:00:00'),
(103, 3, 1040, 0, 0.00, '2013-08-19 12:04:11', 0, 'מכירת שרותים בחו"ל', '', '', '', '', '', '', '', '', '', '', '', '', 'ILS', '', 0, 0, '0000-00-00 00:00:00', '0000-00-00 00:00:00'),
(107, 2, 0, 0, 0.00, '0000-00-00 00:00:00', 0, 'קניות', '', '', '', '', '', '', '', '', '', '', '', '', 'ILS', '', 1, 0, '0000-00-00 00:00:00', '0000-00-00 00:00:00'),
(109, 2, 0, 0, 0.00, '0000-00-00 00:00:00', 0, 'הוצאות שונות', '', '', '', '', '', '', '', '', '', '', '', '', 'ILS', '', 1, 0, '0000-00-00 00:00:00', '0000-00-00 00:00:00'),
(110, 1, 0, 0, 0.00, '0000-00-00 00:00:00', 0, 'עובדים חו"ז', '', '', '', '', '', '', '', '', '', '', '', '', 'ILS', '', 1, 0, '0000-00-00 00:00:00', '0000-00-00 00:00:00'),
(111, 2, 3565, 0, 66.66, '0000-00-00 00:00:00', 0, 'דלק', '', '', '', '', '', '', '', '', '', '', '', '', 'ILS', '', 1, 0, '0000-00-00 00:00:00', '0000-00-00 00:00:00'),
(112, 2, 3680, 0, 0.00, '0000-00-00 00:00:00', 0, 'תקשורת', '', '', '', '', '', '', '', '', '', '', '', '', 'ILS', '', 1, 0, '0000-00-00 00:00:00', '0000-00-00 00:00:00'),
(113, 0, 0, 0, 0.00, '0000-00-00 00:00:00', 0, 'לקוחות שונים', '', '', '', '', '', '', '', '', '', '', '', '', 'ILS', '', 1, 0, '0000-00-00 00:00:00', '0000-00-00 00:00:00'),
(114, 1, 0, 0, 0.00, '0000-00-00 00:00:00', 0, 'ספקים שונים', '', '', '', '', '', '', '', '', '', '', '', '', 'ILS', '', 1, 0, '0000-00-00 00:00:00', '0000-00-00 00:00:00'),
(115, 8, 0, 0, 0.00, '0000-00-00 00:00:00', 0, 'מחסן ראשי', '', '', '', '', '', '', '', '', '', '', '', '', 'ILS', '', 1, 0, '0000-00-00 00:00:00', '0000-00-00 00:00:00');


INSERT INTO `accType` (`id`, `name`, `desc`, `openformat`) VALUES
(0, 'customers', 'Customers', ''),
(1, 'suppliers', 'Suppliers', '1'),
(2, 'outcomes', 'Outcomes', ''),
(3, 'incomes', 'Incomes', ''),
(4, 'assets', 'Assets', ''),
(5, 'liabilities', 'Liabilities', ''),
(6, 'authorities', 'Authorities', ''),
(7, 'banks', 'Banks', ''),
(8, 'warehouses', 'Warehouses', ''),
(9, 'leads', 'Leads', ''),
(10, 'contacts', 'Contacts', '');

INSERT INTO `AuthAssignment` (`itemname`, `userid`, `bizrule`, `data`) VALUES
('Admin', '1', NULL, 'N;'),
('Authenticated', '2', NULL, 'N;');

INSERT INTO `AuthItem` (`name`, `type`, `description`, `bizrule`, `data`) VALUES
('Accounts.*', 1, NULL, NULL, 'N;'),
('Accounts.Admin', 0, NULL, NULL, 'N;'),
('Accounts.Ajax', 0, NULL, NULL, 'N;'),
('Accounts.Autocomplete', 0, NULL, NULL, 'N;'),
('Accounts.Create', 0, NULL, NULL, 'N;'),
('Accounts.Delete', 0, NULL, NULL, 'N;'),
('Accounts.Index', 0, NULL, NULL, 'N;'),
('Accounts.JSON', 0, NULL, NULL, 'N;'),
('Accounts.Transaction', 0, NULL, NULL, 'N;'),
('Accounts.Update', 0, NULL, NULL, 'N;'),
('Accounts.View', 0, NULL, NULL, 'N;'),
('AccTemplate.*', 1, NULL, NULL, 'N;'),
('AccTemplate.Admin', 0, NULL, NULL, 'N;'),
('AccTemplate.Create', 0, NULL, NULL, 'N;'),
('AccTemplate.Delete', 0, NULL, NULL, 'N;'),
('AccTemplate.Index', 0, NULL, NULL, 'N;'),
('AccTemplate.SaveSub', 0, NULL, NULL, 'N;'),
('AccTemplate.Update', 0, NULL, NULL, 'N;'),
('AccTemplate.View', 0, NULL, NULL, 'N;'),
('Acctype.*', 1, NULL, NULL, 'N;'),
('Acctype.Admin', 0, NULL, NULL, 'N;'),
('Acctype.Create', 0, NULL, NULL, 'N;'),
('Acctype.Delete', 0, NULL, NULL, 'N;'),
('Acctype.Index', 0, NULL, NULL, 'N;'),
('Acctype.Update', 0, NULL, NULL, 'N;'),
('Acctype.View', 0, NULL, NULL, 'N;'),
('Admin', 2, NULL, NULL, 'N;'),
('Authenticated', 2, 'Authenticated user', NULL, 'N;'),
('Comment.*', 1, 'Access all comment actions', NULL, 'N;'),
('Comment.Approve', 0, 'Approve comments', NULL, 'N;'),
('Comment.Delete', 0, 'Delete comments', NULL, 'N;'),
('Comment.Update', 0, 'Update comments', NULL, 'N;'),
('CommentAdministration', 1, 'Administration of comments', NULL, 'N;'),
('Companies.*', 1, NULL, NULL, 'N;'),
('Companies.Index', 0, NULL, NULL, 'N;'),
('Companies.Update', 0, NULL, NULL, 'N;'),
('Companies.View', 0, NULL, NULL, 'N;'),
('Company.*', 1, NULL, NULL, 'N;'),
('Company.Index', 0, NULL, NULL, 'N;'),
('Currates.*', 1, NULL, NULL, 'N;'),
('Currates.Admin', 0, NULL, NULL, 'N;'),
('Currates.Create', 0, NULL, NULL, 'N;'),
('Currates.Delete', 0, NULL, NULL, 'N;'),
('Currates.Getrate', 0, NULL, NULL, 'N;'),
('Currates.Index', 0, NULL, NULL, 'N;'),
('Currates.Update', 0, NULL, NULL, 'N;'),
('Currates.View', 0, NULL, NULL, 'N;'),
('Currencies.*', 1, NULL, NULL, 'N;'),
('Currencies.Autocomplete', 0, NULL, NULL, 'N;'),
('Currencies.Index', 0, NULL, NULL, 'N;'),
('Doccheques.*', 1, NULL, NULL, 'N;'),
('Doccheques.Admin', 0, NULL, NULL, 'N;'),
('Doccheques.Create', 0, NULL, NULL, 'N;'),
('Doccheques.Delete', 0, NULL, NULL, 'N;'),
('Doccheques.Index', 0, NULL, NULL, 'N;'),
('Doccheques.Update', 0, NULL, NULL, 'N;'),
('Doccheques.View', 0, NULL, NULL, 'N;'),
('Docdetails.*', 1, NULL, NULL, 'N;'),
('Docdetails.Admin', 0, NULL, NULL, 'N;'),
('Docdetails.Create', 0, NULL, NULL, 'N;'),
('Docdetails.Delete', 0, NULL, NULL, 'N;'),
('Docdetails.Index', 0, NULL, NULL, 'N;'),
('Docdetails.Update', 0, NULL, NULL, 'N;'),
('Docdetails.View', 0, NULL, NULL, 'N;'),
('Docs.*', 1, NULL, NULL, 'N;'),
('Docs.Admin', 0, NULL, NULL, 'N;'),
('Docs.Create', 0, NULL, NULL, 'N;'),
('Docs.Delete', 0, NULL, NULL, 'N;'),
('Docs.Duplicate', 0, NULL, NULL, 'N;'),
('Docs.Index', 0, NULL, NULL, 'N;'),
('Docs.Status', 0, NULL, NULL, 'N;'),
('Docs.Update', 0, NULL, NULL, 'N;'),
('Docs.View', 0, NULL, NULL, 'N;'),
('Doctype.*', 1, NULL, NULL, 'N;'),
('Doctype.Admin', 0, NULL, NULL, 'N;'),
('Doctype.Create', 0, NULL, NULL, 'N;'),
('Doctype.Delete', 0, NULL, NULL, 'N;'),
('Doctype.Index', 0, NULL, NULL, 'N;'),
('Doctype.Update', 0, NULL, NULL, 'N;'),
('Doctype.View', 0, NULL, NULL, 'N;'),
('EavFields.*', 1, NULL, NULL, 'N;'),
('EavFields.Admin', 0, NULL, NULL, 'N;'),
('EavFields.Create', 0, NULL, NULL, 'N;'),
('EavFields.Delete', 0, NULL, NULL, 'N;'),
('EavFields.Index', 0, NULL, NULL, 'N;'),
('EavFields.Update', 0, NULL, NULL, 'N;'),
('EavFields.View', 0, NULL, NULL, 'N;'),
('Editor', 2, 'Editor', NULL, 'N;'),
('Fields.*', 1, NULL, NULL, 'N;'),
('Fields.Admin', 0, NULL, NULL, 'N;'),
('Fields.Create', 0, NULL, NULL, 'N;'),
('Fields.Delete', 0, NULL, NULL, 'N;'),
('Fields.Index', 0, NULL, NULL, 'N;'),
('Fields.Update', 0, NULL, NULL, 'N;'),
('Fields.View', 0, NULL, NULL, 'N;'),
('Guest', 2, 'Guest user', NULL, 'N;'),
('Item.*', 1, NULL, NULL, 'N;'),
('Item.Admin', 0, NULL, NULL, 'N;'),
('Item.Autocomplete', 0, NULL, NULL, 'N;'),
('Item.Create', 0, NULL, NULL, 'N;'),
('Item.Delete', 0, NULL, NULL, 'N;'),
('Item.Index', 0, NULL, NULL, 'N;'),
('Item.JSON', 0, NULL, NULL, 'N;'),
('Item.Template', 0, NULL, NULL, 'N;'),
('Item.Update', 0, NULL, NULL, 'N;'),
('Item.View', 0, NULL, NULL, 'N;'),
('Itemcategory.*', 1, NULL, NULL, 'N;'),
('Itemcategory.Admin', 0, NULL, NULL, 'N;'),
('Itemcategory.Create', 0, NULL, NULL, 'N;'),
('Itemcategory.Delete', 0, NULL, NULL, 'N;'),
('Itemcategory.Index', 0, NULL, NULL, 'N;'),
('Itemcategory.Update', 0, NULL, NULL, 'N;'),
('Itemcategory.View', 0, NULL, NULL, 'N;'),
('Itemunit.*', 1, NULL, NULL, 'N;'),
('Itemunit.Admin', 0, NULL, NULL, 'N;'),
('Itemunit.Create', 0, NULL, NULL, 'N;'),
('Itemunit.Delete', 0, NULL, NULL, 'N;'),
('Itemunit.Index', 0, NULL, NULL, 'N;'),
('Itemunit.Update', 0, NULL, NULL, 'N;'),
('Itemunit.View', 0, NULL, NULL, 'N;'),
('Minify.*', 1, NULL, NULL, 'N;'),
('Minify.Index', 0, NULL, NULL, 'N;'),
('Post.*', 1, 'Access all post actions', NULL, 'N;'),
('Post.Admin', 0, 'Administer posts', NULL, 'N;'),
('Post.Create', 0, 'Create posts', NULL, 'N;'),
('Post.Delete', 0, 'Delete posts', NULL, 'N;'),
('Post.Update', 0, 'Update posts', NULL, 'N;'),
('Post.View', 0, 'View posts', NULL, 'N;'),
('PostAdministrator', 1, 'Administration of posts', NULL, 'N;'),
('PostUpdateOwn', 0, 'Update own posts', 'return Yii::app()->user->id==$params["userid"];', 'N;'),
('Reports.*', 1, NULL, NULL, 'N;'),
('Reports.Contact', 0, NULL, NULL, 'N;'),
('Reports.Error', 0, NULL, NULL, 'N;'),
('Reports.Index', 0, NULL, NULL, 'N;'),
('Reports.Journal', 0, NULL, NULL, 'N;'),
('Reports.Login', 0, NULL, NULL, 'N;'),
('Reports.Logout', 0, NULL, NULL, 'N;'),
('Showdocs.*', 1, NULL, NULL, 'N;'),
('Showdocs.Admin', 0, NULL, NULL, 'N;'),
('Showdocs.Create', 0, NULL, NULL, 'N;'),
('Showdocs.Delete', 0, NULL, NULL, 'N;'),
('Showdocs.Index', 0, NULL, NULL, 'N;'),
('Showdocs.Status', 0, NULL, NULL, 'N;'),
('Showdocs.Update', 0, NULL, NULL, 'N;'),
('Showdocs.View', 0, NULL, NULL, 'N;'),
('Site.*', 1, NULL, NULL, 'N;'),
('Site.Contact', 0, NULL, NULL, 'N;'),
('Site.Error', 0, NULL, NULL, 'N;'),
('Site.Index', 0, NULL, NULL, 'N;'),
('Site.Login', 0, NULL, NULL, 'N;'),
('Site.Logout', 0, NULL, NULL, 'N;'),
('Users.*', 1, NULL, NULL, 'N;'),
('Users.Admin', 0, NULL, NULL, 'N;'),
('Users.Create', 0, NULL, NULL, 'N;'),
('Users.Delete', 0, NULL, NULL, 'N;'),
('Users.Index', 0, NULL, NULL, 'N;'),
('Users.Update', 0, NULL, NULL, 'N;'),
('Users.View', 0, NULL, NULL, 'N;');

INSERT INTO `bankName` (`id`, `name`) VALUES
(1, 'בנק יורו טרייד'),
(4, 'בנק יהב לעובדי המדינה'),
(6, 'בנק אדנים'),
(7, 'בנק לפיתוח התעשיה'),
(8, 'בנק הספנות לישראל'),
(9, 'בנק הדואר'),
(10, 'בנק לאומי'),
(11, 'בנק דיסקונט'),
(12, 'בנק הפועלים'),
(13, 'בנק איגוד'),
(14, 'בנק אוצר החייל'),
(17, 'בנק מרכנתיל דיסקונט'),
(19, 'בנק החקלאות לישראל'),
(20, 'בנק מזרחי טפחות'),
(22, 'Citibank N.A'),
(23, 'HSBC'),
(25, 'BNP Paribas Israel'),
(26, 'יובנק בע"מ'),
(31, 'הבנק הבינלאומי הראשון '),
(34, 'בנק ערבי ישראלי'),
(39, 'SBI State Bank of India'),
(46, 'בנק מסד'),
(48, 'קופת העובד הלאומי'),
(52, 'בנק פועלי אגודת ישראל'),
(54, 'בנק ירושלים'),
(67, 'Arab Land Bank'),
(68, 'בנק אוצר השלטון המקומי'),
(77, 'בנק לאומי למשכנתאות בע"מ'),
(90, 'בנק דיסקונט למשכנתאות'),
(99, 'בנק ישראל');


INSERT INTO `config` (`id`, `value`, `eavType`, `hidden`) VALUES
('company.1.warehouse', '115', 'integer', 1),
('company.acc.assetvat', '3', 'integer', 1),
('company.acc.buyvat', '1', 'integer', 1),
('company.acc.custtax', '8', 'integer', 1),
('company.acc.irs', '16', 'integer', 1),
('company.acc.natinspay', '14', 'integer', 1),
('company.acc.openbalance', '9', 'integer', 1),
('company.acc.payvat', '4', 'integer', 1),
('company.acc.pretax', '13', 'integer', 1),
('company.acc.sellvat', '3', 'integer', 1),
('company.address', '', 'string', 0),
('company.city', '', 'string', 0),
('company.cur', 'ILS', 'list(Currecies)', 0),
('company.doublebook', 'true', 'boolean', 0),
('company.en.address', '', 'string', 0),
('company.en.city', '', 'string', 0),
('company.en.name', '', 'string', 0),
('company.fax', '', 'string', 0),
('company.logo', '110', 'file', 0),
('company.name', '', 'string', 0),
('company.path', 'TEMP', 'string', 0),
('company.pdfprint', 'true', 'boolean', 0),
('company.phone', '', 'string', 0),
('company.po', '', 'string', 0),
('company.postal', '', 'string', 0),
('company.seccur', 'AED', 'list(Currecies)', 0),
('company.stock', 'false', 'boolean', 0),
('company.tax.irs', '1', 'integer', 0),
('company.tax.rate', '10', 'integer', 0),
('company.tax.vat', '1', 'integer', 0),
('company.transaction', '1', 'integer', 1),
('company.vat.id', '', 'integer', 0),
('company.website', '', 'string', 0),
('company.zip', '', 'string', 0),
('paypal.apiLive', 'false', 'boolean', 0),
('paypal.apiPassword', '', '', 0),
('paypal.apiSignature', '', '', 0),
('paypal.apiUsername', '', '', 0),
('server.checkTime', '20130324114336', '', 1),
('server.dbVersion', '3.0', '', 1),
('server.Latest', '', '', 1),
('server.Version', '2.21', '', 1),
('server.wkhtmltopdf', 'xvfb-run -a -s "-screen 0 1024x768x16" wkhtmltopdf', 'string', 0),
('system.auth', '179402', 'string', 1),
('system.name', 'Linet 3.0', 'string', 1),
('system.vendor.name', 'Speedcomp', 'string', 1),
('system.vendor.vatnum', '069924504', 'string', 1),
('system.version', '3.0', 'string', 1),
('transactionType.chequedeposit', '4', 'integer', 1),
('transactionType.manual', '0', 'integer', 1),
('transactionType.openBalance', '16', 'integer', 1),
('transactionType.supplierPayment', '5', 'integer', 1);


INSERT INTO `curRates` (`id`, `currency_id`, `date`, `value`) VALUES
(1, 'ILS', '1999-12-31 22:00:01', 1.00000);


INSERT INTO `docStatus` (`num`, `doc_type`, `name`, `looked`, `action`) VALUES
(1, 1, 'טיוטא', 0, '0'),
(1, 2, 'טיוטא', 0, '0'),
(1, 3, 'טיוטא', 0, '0'),
(1, 4, 'טיוטא', 0, '0'),
(1, 5, 'טיוטא', 0, '0'),
(1, 6, 'טיוטא', 0, '0'),
(1, 7, 'טיוטא', 0, '0'),
(1, 8, 'טיוטא', 0, '0'),
(1, 9, 'טיוטא', 0, '0'),
(1, 10, 'טיוטא', 0, '0'),
(1, 11, 'הופק', 1, '1'),
(1, 12, 'הופק', 1, '1'),
(1, 13, 'הופק', 1, '1'),
(1, 14, 'הופק', 1, '1'),
(1, 15, 'הופק', 1, '1'),
(2, 1, 'הופק', 0, '1'),
(2, 2, 'הופק', 1, '1'),
(2, 3, 'הופק', 1, '1'),
(2, 4, 'הופק', 1, '1'),
(2, 5, 'הופק', 0, '1'),
(2, 6, 'הופק', 0, '1'),
(2, 7, 'הופק', 1, '1'),
(2, 8, 'הופק', 1, '1'),
(2, 9, 'הופק', 1, '1'),
(2, 10, 'הופק', 0, '1'),
(3, 1, 'ממתין לאישור', 0, '1'),
(3, 2, 'ממתין לאישור', 0, '0'),
(3, 3, 'ממתין לאישור', 0, '0'),
(3, 4, 'ממתין לאישור', 1, '1'),
(3, 5, 'ממתין לאישור', 1, '1'),
(3, 6, 'ממתין לאישור', 1, '1'),
(3, 7, 'ממתין לאישור', 1, '1'),
(3, 8, 'ממתין לאישור', 1, '1'),
(3, 9, 'ממתין לאישור', 1, '1'),
(3, 10, 'ממתין לאישור', 1, '1'),
(4, 1, 'מבוטל', 1, '1'),
(4, 2, 'מבוטל', 1, '1'),
(4, 3, 'מבוטל', 1, '1'),
(4, 4, 'מבוטל', 1, '1'),
(4, 5, 'מבוטל', 1, '1'),
(4, 6, 'מבוטל', 1, '1'),
(4, 7, 'מבוטל', 1, '1'),
(4, 8, 'מבוטל', 1, '1'),
(4, 9, 'מבוטל', 1, '1'),
(4, 10, 'מבוטל', 1, '1');

INSERT INTO `docType` (`id`, `name`, `openformat`, `isdoc`, `isrecipet`, `iscontract`, `looked`, `stockAction`, `account_type`, `docStatus_id`, `last_docnum`, `oppt_account_type`, `transactionType_id`, `vat_acc_id`, `header`, `footer`) VALUES
(1, 'Proforma',                 300,    1, 0, 0, 1, -1, 0, 2, 1, NULL, NULL, 3, '', ''),
(2, 'Delivery doc.',            200,    1, 0, 0, 0, -1, 0, 2, 1, NULL, NULL, 3, '', ''),
(3, 'Invoice',                  305,    1, 0, 0, 1, -1, 0, 2, 1, NULL, 1, 3, '', ''),
(4, 'Credit invoice',           330,    1, 0, 0, 0, 1, 0, 2, 1, NULL, 17, 3, '', ''),
(5, 'Return document',          210,    1, 0, 0, 0, 1, 0, 2, 1, NULL, 19, 3, '', ''),
(6, 'Quote',                    0,      1, 0, 0, 0, 0, 0, 2, 1, NULL, NULL, 3, '', ''),
(7, 'Sales Order',              0,      1, 0, 0, 0, 0, 0, 2, 1, NULL, NULL, 3, '', ''),
(8, 'Receipt',                  400,    0, 1, 0, 1, 0, 0, 1, 1, NULL, 3, 3, '', ''),
(9, 'Invoice Receipt',          320,    1, 1, 0, 1, -1, 0, 2, 1, NULL, 18, 3, '', ''),
(10, 'Purchase Order',          500,    1, 0, 0, 0, 0, 1, 2, 1, NULL, NULL, 3, '', ''),
(11, 'Manual invoice',          0,      1, 0, 0, 1, 1, 1, 1, 1, NULL, 11, 3, '', ''),
(12, 'Manual receipt',          0,      1, 0, 0, 1, 1, 1, 1, 1, NULL, 12, 3, '', ''),
(13, 'Buisness outcome',        0,      1, 0, 0, 0, 1, 1, 1, 1, 2, 5, 1, '', ''),
(14, 'Asstes outcome',          0,      1, 0, 0, 0, 1, 1, 1, 1, 4, 5, 2, '', ''),
(15, 'Warehouse transaction',   830,    1, 0, 0, 0, 1, 0, 0, 1, 8, NULL, 0, '', '');

INSERT INTO `itemCategories` (`id`, `name`, `profit`) VALUES
(1, 'כללי', 1);


INSERT INTO `itemUnits` (`id`, `name`, `precision`) VALUES
(0, 'units', 0),
(1, 'work hours', 0),
(2, 'Meter', 0),
(3, 'liter', 0),
(4, 'gram', 0),
(5, 'Kilo gram', 0);

INSERT INTO `itemVatCat` (`id`, `name`) VALUES
(1, 'חייב מעמ'),
(2, 'פטור ממעמ'),
(12, 'מכירה באילת');

INSERT INTO `paymentType` (`id`, `name`, `value`, `oppt_account_id`) VALUES
(1, 'Cash', '', 10),
(2, 'Cheque', '', 7),
(3, 'Credit card', '', 11),
(4, 'Bank transfer', '', 0),
(5, 'Manual Credit', '', 11);

INSERT INTO `Rights` (`itemname`, `type`, `weight`) VALUES
('Authenticated', 2, 1),
('Editor', 2, 0),
('Guest', 2, 2);

INSERT INTO `transactionType` (`id`, `name`) VALUES
(0, 'Manual'),
(1, 'Invoice'),
(2, 'Supplier Invoicve'),
(3, 'Receipt'),
(4, 'CHEQUEDEPOSIT'),
(5, 'Supplier Payment'),
(6, 'vat'),
(7, 'STORENO'),
(8, 'BANKMATCH'),
(9, 'SRCTAX'),
(10, 'PATTERN'),
(11, 'MANINVOICE'),
(12, 'MANRECEIPT'),
(14, 'TRAN_PRETAX'),
(15, 'TRAN_SALARY'),
(16, 'OPBALANCE'),
(17, 'RETURNINV'),
(18, 'INVRCPT'),
(19, 'DOCREDIT'),
(20, 'DOCPROFORMA'),
(21, 'DELIVERY');